{
    "Front-pin_auto_0": {
        "0": 0.2771349144441219,
        "1": 0.30973510848006963,
        "2": 0.3270632287097953,
        "3": 0.34674381879944954,
        "4": 0.3065274865222954,
        "5": 0.32522237157883976
    },
    "Front-pin-2nd_auto_1": {
        "0": 0.2706691461343311,
        "1": 0.3156522607069143,
        "2": 0.3330049955522232,
        "3": 0.3420423722641468,
        "4": 0.30109558702592887,
        "5": 0.32185678722695216
    },
    "Front-pin-2nd_auto_0": {
        "0": 0.3624616333553706,
        "1": 0.3683179741249571,
        "2": 0.3764224352048933,
        "3": 0.37763537118109297,
        "4": 0.30968536184210516,
        "5": 0.2529380000725619
    },
    "Top-pin-2nd_auto_0": {
        "0": 0.6491359794918518,
        "1": 0.6281806665484175,
        "2": 0.6098785609761995,
        "3": 0.5874407524536679,
        "4": 0.5253340832742089,
        "5": 0.5241339067740584
    },
    "Top-pin_auto_1": {
        "0": 0.5694382092927632,
        "1": 0.573201295566198,
        "2": 0.5660361898542311,
        "3": 0.5275639560758514,
        "4": 0.467268794948078,
        "5": 0.4667819230789904
    },
    "Front-pin_auto_1": {
        "0": 0.3580848296541752,
        "1": 0.36427287514512385,
        "2": 0.3704373104655788,
        "3": 0.3733908716433394,
        "4": 0.30892292472910227,
        "5": 0.2540722912232326
    },
    "Top-pin_auto_0": {
        "0": 0.5652114769441222,
        "1": 0.6469546999967751,
        "2": 0.6576797003998964,
        "3": 0.6426260911834581,
        "4": 0.5818585898531562,
        "5": 0.6585972666328045
    },
    "Top-pin-2nd_auto_1": {
        "0": 0.6213931609719001,
        "1": 0.6852625263372895,
        "2": 0.6906530558646158,
        "3": 0.6691812457672214,
        "4": 0.6324446328366874,
        "5": 0.7202134027240285
    }
}