{"0": 0.3580848296541752, "1": 0.36427287514512385, "2": 0.3704373104655788, "3": 0.3733908716433394, "4": 0.30892292472910227, "5": 0.2540722912232326}