{"0": 0.2771349144441219, "1": 0.30973510848006963, "2": 0.3270632287097953, "3": 0.34674381879944954, "4": 0.3065274865222954, "5": 0.32522237157883976}