{"0": 0.3624616333553706, "1": 0.3683179741249571, "2": 0.3764224352048933, "3": 0.37763537118109297, "4": 0.30968536184210516, "5": 0.2529380000725619}