{"0": 0.2706691461343311, "1": 0.3156522607069143, "2": 0.3330049955522232, "3": 0.3420423722641468, "4": 0.30109558702592887, "5": 0.32185678722695216}