{"0": 0.5694382092927632, "1": 0.573201295566198, "2": 0.5660361898542311, "3": 0.5275639560758514, "4": 0.467268794948078, "5": 0.4667819230789904}