{"0": 0.6491359794918518, "1": 0.6281806665484175, "2": 0.6098785609761995, "3": 0.5874407524536679, "4": 0.5253340832742089, "5": 0.5241339067740584}