{"0": 0.5652114769441222, "1": 0.6469546999967751, "2": 0.6576797003998964, "3": 0.6426260911834581, "4": 0.5818585898531562, "5": 0.6585972666328045}