{"0": 0.6213931609719001, "1": 0.6852625263372895, "2": 0.6906530558646158, "3": 0.6691812457672214, "4": 0.6324446328366874, "5": 0.7202134027240285}